Far_South	/spot/Australia_Pacific/Australia/NSW/Far_South/Bears_Beach/index.html
Far_South	/spot/Australia_Pacific/Australia/NSW/Far_South/Blackfellows_Point/index.html
Far_South	/spot/Australia_Pacific/Australia/NSW/Far_South/Brou_Beach/index.html
Far_South	/spot/Australia_Pacific/Australia/NSW/Far_South/Carters/index.html
Far_South	/spot/Australia_Pacific/Australia/NSW/Far_South/Cuttagee/index.html
Far_South	/spot/Australia_Pacific/Australia/NSW/Far_South/Denhams_Beach_-_Rooster_Tail/index.html
Far_South	/spot/Australia_Pacific/Australia/NSW/Far_South/Durras_Beach/index.html
Far_South	/spot/Australia_Pacific/Australia/NSW/Far_South/Horseshoes_bay/index.html
Far_South	/spot/Australia_Pacific/Australia/NSW/Far_South/Kianga/index.html
Far_South	/spot/Australia_Pacific/Australia/NSW/Far_South/Potatoe_Point/index.html
Far_South	/spot/Australia_Pacific/Australia/NSW/Far_South/Rockwall/index.html
Far_South	/spot/Australia_Pacific/Australia/NSW/Far_South/Scar_Rock/index.html
Far_South	/spot/Australia_Pacific/Australia/NSW/Far_South/Square_Head/index.html
Far_South	/spot/Australia_Pacific/Australia/NSW/Far_South/The_Cobra/index.html
Far_South	/spot/Australia_Pacific/Australia/NSW/Far_South/Tura_Reef/index.html
Far_South	/spot/Australia_Pacific/Australia/NSW/Far_South/Yabbarra/index.html
Far_South	/spot/Australia_Pacific/Australia/NSW/Far_South/asling_s_beach/index.html
Far_South	/spot/Australia_Pacific/Australia/NSW/Far_South/bar_beach/index.html
Far_South	/spot/Australia_Pacific/Australia/NSW/Far_South/barlings_beach/index.html
Far_South	/spot/Australia_Pacific/Australia/NSW/Far_South/bateman_bay/index.html
Far_South	/spot/Australia_Pacific/Australia/NSW/Far_South/bawley_point/index.html
Far_South	/spot/Australia_Pacific/Australia/NSW/Far_South/boily/index.html
Far_South	/spot/Australia_Pacific/Australia/NSW/Far_South/broulee_main/index.html
Far_South	/spot/Australia_Pacific/Australia/NSW/Far_South/broulee_north/index.html
Far_South	/spot/Australia_Pacific/Australia/NSW/Far_South/bunga_head/index.html
Far_South	/spot/Australia_Pacific/Australia/NSW/Far_South/camel_rock/index.html
Far_South	/spot/Australia_Pacific/Australia/NSW/Far_South/cemetary_point__toragy_/index.html
Far_South	/spot/Australia_Pacific/Australia/NSW/Far_South/coggens/index.html
Far_South	/spot/Australia_Pacific/Australia/NSW/Far_South/congo_beach_-_the_suck/index.html
Far_South	/spot/Australia_Pacific/Australia/NSW/Far_South/dalmeny_point/index.html
Far_South	/spot/Australia_Pacific/Australia/NSW/Far_South/dolphin_beach/index.html
Far_South	/spot/Australia_Pacific/Australia/NSW/Far_South/ermagui_rivermouth/index.html
Far_South	/spot/Australia_Pacific/Australia/NSW/Far_South/malua_bay/index.html
Far_South	/spot/Australia_Pacific/Australia/NSW/Far_South/mckenzies/index.html
Far_South	/spot/Australia_Pacific/Australia/NSW/Far_South/merimbula_bar/index.html
Far_South	/spot/Australia_Pacific/Australia/NSW/Far_South/mills_point/index.html
Far_South	/spot/Australia_Pacific/Australia/NSW/Far_South/moruya_main_beach/index.html
Far_South	/spot/Australia_Pacific/Australia/NSW/Far_South/moruya_rivermouth/index.html
Far_South	/spot/Australia_Pacific/Australia/NSW/Far_South/mosquito_bay/index.html
Far_South	/spot/Australia_Pacific/Australia/NSW/Far_South/mosquito_bay_bommie/index.html
Far_South	/spot/Australia_Pacific/Australia/NSW/Far_South/narooma_breakwall/index.html
Far_South	/spot/Australia_Pacific/Australia/NSW/Far_South/north_durras_reef/index.html
Far_South	/spot/Australia_Pacific/Australia/NSW/Far_South/nuns_beach/index.html
Far_South	/spot/Australia_Pacific/Australia/NSW/Far_South/pambula_beach/index.html
Far_South	/spot/Australia_Pacific/Australia/NSW/Far_South/pambula_rivermouth/index.html
Far_South	/spot/Australia_Pacific/Australia/NSW/Far_South/pink_rocks/index.html
Far_South	/spot/Australia_Pacific/Australia/NSW/Far_South/pretty_beach/index.html
Far_South	/spot/Australia_Pacific/Australia/NSW/Far_South/saltwater/index.html
Far_South	/spot/Australia_Pacific/Australia/NSW/Far_South/shark_point/index.html
Far_South	/spot/Australia_Pacific/Australia/NSW/Far_South/tathra/index.html
Far_South	/spot/Australia_Pacific/Australia/NSW/Far_South/terrace_beach__lennards_island_/index.html
Far_South	/spot/Australia_Pacific/Australia/NSW/Far_South/tilba_point/index.html
Far_South	/spot/Australia_Pacific/Australia/NSW/Far_South/tomakin_rivermouth/index.html
Far_South	/spot/Australia_Pacific/Australia/NSW/Far_South/tura_beach/index.html
South_Coast	/spot/Australia_Pacific/Australia/NSW/South_Coast/3_way/index.html
South_Coast	/spot/Australia_Pacific/Australia/NSW/South_Coast/Bannister_Head_Suck_Rock/index.html
South_Coast	/spot/Australia_Pacific/Australia/NSW/South_Coast/Bannisters_point/index.html
South_Coast	/spot/Australia_Pacific/Australia/NSW/South_Coast/Barrack_Point/index.html
South_Coast	/spot/Australia_Pacific/Australia/NSW/South_Coast/Berrara_Point/index.html
South_Coast	/spot/Australia_Pacific/Australia/NSW/South_Coast/Blacks/index.html
South_Coast	/spot/Australia_Pacific/Australia/NSW/South_Coast/Blenheim_Beach/index.html
South_Coast	/spot/Australia_Pacific/Australia/NSW/South_Coast/Blowies/index.html
South_Coast	/spot/Australia_Pacific/Australia/NSW/South_Coast/Bowen_Island/index.html
South_Coast	/spot/Australia_Pacific/Australia/NSW/South_Coast/Conjola_Beach/index.html
South_Coast	/spot/Australia_Pacific/Australia/NSW/South_Coast/Conneley_s_Reef/index.html
South_Coast	/spot/Australia_Pacific/Australia/NSW/South_Coast/Crookhaven_-_Edies/index.html
South_Coast	/spot/Australia_Pacific/Australia/NSW/South_Coast/Currarong_-_Beecroft/index.html
South_Coast	/spot/Australia_Pacific/Australia/NSW/South_Coast/Dolphin_Point_Slab/index.html
South_Coast	/spot/Australia_Pacific/Australia/NSW/South_Coast/East_Beach/index.html
South_Coast	/spot/Australia_Pacific/Australia/NSW/South_Coast/Erries_Right/index.html
South_Coast	/spot/Australia_Pacific/Australia/NSW/South_Coast/Greenfeilds/index.html
South_Coast	/spot/Australia_Pacific/Australia/NSW/South_Coast/Hamburgers/index.html
South_Coast	/spot/Australia_Pacific/Australia/NSW/South_Coast/Hammerhead/index.html
South_Coast	/spot/Australia_Pacific/Australia/NSW/South_Coast/Huskisson_Bommie/index.html
South_Coast	/spot/Australia_Pacific/Australia/NSW/South_Coast/Inyadda/index.html
South_Coast	/spot/Australia_Pacific/Australia/NSW/South_Coast/Jones_Beach/index.html
South_Coast	/spot/Australia_Pacific/Australia/NSW/South_Coast/Kiama_Bombie/index.html
South_Coast	/spot/Australia_Pacific/Australia/NSW/South_Coast/Kiama_East_Beach/index.html
South_Coast	/spot/Australia_Pacific/Australia/NSW/South_Coast/Kiama_Pools/index.html
South_Coast	/spot/Australia_Pacific/Australia/NSW/South_Coast/Kiama_Surf_Beach/index.html
South_Coast	/spot/Australia_Pacific/Australia/NSW/South_Coast/Mab_Reef/index.html
South_Coast	/spot/Australia_Pacific/Australia/NSW/South_Coast/Meroo_Headland/index.html
South_Coast	/spot/Australia_Pacific/Australia/NSW/South_Coast/Meroo_Headland_Wedge/index.html
South_Coast	/spot/Australia_Pacific/Australia/NSW/South_Coast/Monument_Beach/index.html
South_Coast	/spot/Australia_Pacific/Australia/NSW/South_Coast/Narrawallee_reef_bar/index.html
South_Coast	/spot/Australia_Pacific/Australia/NSW/South_Coast/North_Tabourie/index.html
South_Coast	/spot/Australia_Pacific/Australia/NSW/South_Coast/Nuggin/index.html
South_Coast	/spot/Australia_Pacific/Australia/NSW/South_Coast/Panther_Country/index.html
South_Coast	/spot/Australia_Pacific/Australia/NSW/South_Coast/Potholes/index.html
South_Coast	/spot/Australia_Pacific/Australia/NSW/South_Coast/Racecourse_Reef/index.html
South_Coast	/spot/Australia_Pacific/Australia/NSW/South_Coast/Rangoon_Island/index.html
South_Coast	/spot/Australia_Pacific/Australia/NSW/South_Coast/Sailors/index.html
South_Coast	/spot/Australia_Pacific/Australia/NSW/South_Coast/Shellharbour_South_Beach/index.html
South_Coast	/spot/Australia_Pacific/Australia/NSW/South_Coast/Suckhole/index.html
South_Coast	/spot/Australia_Pacific/Australia/NSW/South_Coast/The_Wedge/index.html
South_Coast	/spot/Australia_Pacific/Australia/NSW/South_Coast/Wairo_point/index.html
South_Coast	/spot/Australia_Pacific/Australia/NSW/South_Coast/Warrain_Beach_Reef/index.html
South_Coast	/spot/Australia_Pacific/Australia/NSW/South_Coast/Whiting_bommie/index.html
South_Coast	/spot/Australia_Pacific/Australia/NSW/South_Coast/Windang_Beach/index.html
South_Coast	/spot/Australia_Pacific/Australia/NSW/South_Coast/Windang_Island/index.html
South_Coast	/spot/Australia_Pacific/Australia/NSW/South_Coast/bawley_point/index.html
South_Coast	/spot/Australia_Pacific/Australia/NSW/South_Coast/blackrock/index.html
South_Coast	/spot/Australia_Pacific/Australia/NSW/South_Coast/boatramp/index.html
South_Coast	/spot/Australia_Pacific/Australia/NSW/South_Coast/bombo/index.html
South_Coast	/spot/Australia_Pacific/Australia/NSW/South_Coast/boneyards/index.html
South_Coast	/spot/Australia_Pacific/Australia/NSW/South_Coast/callala/index.html
South_Coast	/spot/Australia_Pacific/Australia/NSW/South_Coast/caves_-_cungee/index.html
South_Coast	/spot/Australia_Pacific/Australia/NSW/South_Coast/caves_beach/index.html
South_Coast	/spot/Australia_Pacific/Australia/NSW/South_Coast/chips/index.html
South_Coast	/spot/Australia_Pacific/Australia/NSW/South_Coast/comerong_island/index.html
South_Coast	/spot/Australia_Pacific/Australia/NSW/South_Coast/cowries/index.html
South_Coast	/spot/Australia_Pacific/Australia/NSW/South_Coast/cudmirrah_reef/index.html
South_Coast	/spot/Australia_Pacific/Australia/NSW/South_Coast/culburra_beach/index.html
South_Coast	/spot/Australia_Pacific/Australia/NSW/South_Coast/death_row/index.html
South_Coast	/spot/Australia_Pacific/Australia/NSW/South_Coast/dum_dums/index.html
South_Coast	/spot/Australia_Pacific/Australia/NSW/South_Coast/fivey/index.html
South_Coast	/spot/Australia_Pacific/Australia/NSW/South_Coast/gannet_point/index.html
South_Coast	/spot/Australia_Pacific/Australia/NSW/South_Coast/gerroa/index.html
South_Coast	/spot/Australia_Pacific/Australia/NSW/South_Coast/golf_course_reef/index.html
South_Coast	/spot/Australia_Pacific/Australia/NSW/South_Coast/green_island/index.html
South_Coast	/spot/Australia_Pacific/Australia/NSW/South_Coast/greenpatch/index.html
South_Coast	/spot/Australia_Pacific/Australia/NSW/South_Coast/guillotines/index.html
South_Coast	/spot/Australia_Pacific/Australia/NSW/South_Coast/jucy/index.html
South_Coast	/spot/Australia_Pacific/Australia/NSW/South_Coast/kendalls_beach/index.html
South_Coast	/spot/Australia_Pacific/Australia/NSW/South_Coast/kendalls_right/index.html
South_Coast	/spot/Australia_Pacific/Australia/NSW/South_Coast/minamarra_river_mouth/index.html
South_Coast	/spot/Australia_Pacific/Australia/NSW/South_Coast/minamurra/index.html
South_Coast	/spot/Australia_Pacific/Australia/NSW/South_Coast/mini_pipe/index.html
South_Coast	/spot/Australia_Pacific/Australia/NSW/South_Coast/mollymook_point/index.html
South_Coast	/spot/Australia_Pacific/Australia/NSW/South_Coast/narrawallee_shelf/index.html
South_Coast	/spot/Australia_Pacific/Australia/NSW/South_Coast/narrawallee_wedge/index.html
South_Coast	/spot/Australia_Pacific/Australia/NSW/South_Coast/north_bendalong/index.html
South_Coast	/spot/Australia_Pacific/Australia/NSW/South_Coast/pump_rock/index.html
South_Coast	/spot/Australia_Pacific/Australia/NSW/South_Coast/redsands/index.html
South_Coast	/spot/Australia_Pacific/Australia/NSW/South_Coast/rennies_beach_-_flat_rock/index.html
South_Coast	/spot/Australia_Pacific/Australia/NSW/South_Coast/shallows/index.html
South_Coast	/spot/Australia_Pacific/Australia/NSW/South_Coast/shatters/index.html
South_Coast	/spot/Australia_Pacific/Australia/NSW/South_Coast/shoalhaven/index.html
South_Coast	/spot/Australia_Pacific/Australia/NSW/South_Coast/south_beach/index.html
South_Coast	/spot/Australia_Pacific/Australia/NSW/South_Coast/south_beach_-_the_peer/index.html
South_Coast	/spot/Australia_Pacific/Australia/NSW/South_Coast/steamers_beach/index.html
South_Coast	/spot/Australia_Pacific/Australia/NSW/South_Coast/the_farm/index.html
South_Coast	/spot/Australia_Pacific/Australia/NSW/South_Coast/the_hook/index.html
South_Coast	/spot/Australia_Pacific/Australia/NSW/South_Coast/warilla_beach/index.html
South_Coast	/spot/Australia_Pacific/Australia/NSW/South_Coast/werri_beach/index.html
South_Coast	/spot/Australia_Pacific/Australia/NSW/South_Coast/wolagoot/index.html
Coal_Coast	/spot/Australia_Pacific/Australia/NSW/Coal_Coast/Lassos/index.html
Coal_Coast	/spot/Australia_Pacific/Australia/NSW/Coal_Coast/MM/index.html
Coal_Coast	/spot/Australia_Pacific/Australia/NSW/Coal_Coast/Oilies/index.html
Coal_Coast	/spot/Australia_Pacific/Australia/NSW/Coal_Coast/Reef/index.html
Coal_Coast	/spot/Australia_Pacific/Australia/NSW/Coal_Coast/Scaborough/index.html
Coal_Coast	/spot/Australia_Pacific/Australia/NSW/Coal_Coast/Shitties/index.html
Coal_Coast	/spot/Australia_Pacific/Australia/NSW/Coal_Coast/The_Corner/index.html
Coal_Coast	/spot/Australia_Pacific/Australia/NSW/Coal_Coast/The_Front/index.html
Coal_Coast	/spot/Australia_Pacific/Australia/NSW/Coal_Coast/Thommo_s/index.html
Coal_Coast	/spot/Australia_Pacific/Australia/NSW/Coal_Coast/Towradgi/index.html
Coal_Coast	/spot/Australia_Pacific/Australia/NSW/Coal_Coast/Wollongong_-_Connies/index.html
Coal_Coast	/spot/Australia_Pacific/Australia/NSW/Coal_Coast/Wollongong_Puckies_Reef/index.html
Coal_Coast	/spot/Australia_Pacific/Australia/NSW/Coal_Coast/Wollongong_South_Beach/index.html
Coal_Coast	/spot/Australia_Pacific/Australia/NSW/Coal_Coast/Wollongong_The_Bombie_North_Beach/index.html
Coal_Coast	/spot/Australia_Pacific/Australia/NSW/Coal_Coast/acids/index.html
Coal_Coast	/spot/Australia_Pacific/Australia/NSW/Coal_Coast/austinmer_beach/index.html
Coal_Coast	/spot/Australia_Pacific/Australia/NSW/Coal_Coast/austinmer_pools/index.html
Coal_Coast	/spot/Australia_Pacific/Australia/NSW/Coal_Coast/belambi__a_frame/index.html
Coal_Coast	/spot/Australia_Pacific/Australia/NSW/Coal_Coast/bellambi/index.html
Coal_Coast	/spot/Australia_Pacific/Australia/NSW/Coal_Coast/bulli/index.html
Coal_Coast	/spot/Australia_Pacific/Australia/NSW/Coal_Coast/coalcliff/index.html
Coal_Coast	/spot/Australia_Pacific/Australia/NSW/Coal_Coast/coledale_beach/index.html
Coal_Coast	/spot/Australia_Pacific/Australia/NSW/Coal_Coast/corrimal/index.html
Coal_Coast	/spot/Australia_Pacific/Australia/NSW/Coal_Coast/fairy_meadow/index.html
Coal_Coast	/spot/Australia_Pacific/Australia/NSW/Coal_Coast/garie_beach/index.html
Coal_Coast	/spot/Australia_Pacific/Australia/NSW/Coal_Coast/headlands/index.html
Coal_Coast	/spot/Australia_Pacific/Australia/NSW/Coal_Coast/macaulys/index.html
Coal_Coast	/spot/Australia_Pacific/Australia/NSW/Coal_Coast/menzies/index.html
Coal_Coast	/spot/Australia_Pacific/Australia/NSW/Coal_Coast/north_beach/index.html
Coal_Coast	/spot/Australia_Pacific/Australia/NSW/Coal_Coast/north_era/index.html
Coal_Coast	/spot/Australia_Pacific/Australia/NSW/Coal_Coast/outer/index.html
Coal_Coast	/spot/Australia_Pacific/Australia/NSW/Coal_Coast/peggies/index.html
Coal_Coast	/spot/Australia_Pacific/Australia/NSW/Coal_Coast/port_kembla/index.html
Coal_Coast	/spot/Australia_Pacific/Australia/NSW/Coal_Coast/port_reef/index.html
Coal_Coast	/spot/Australia_Pacific/Australia/NSW/Coal_Coast/sandon_point/index.html
Coal_Coast	/spot/Australia_Pacific/Australia/NSW/Coal_Coast/sharkies/index.html
Coal_Coast	/spot/Australia_Pacific/Australia/NSW/Coal_Coast/south_beach/index.html
Coal_Coast	/spot/Australia_Pacific/Australia/NSW/Coal_Coast/spookies/index.html
Coal_Coast	/spot/Australia_Pacific/Australia/NSW/Coal_Coast/stanwell_park/index.html
Coal_Coast	/spot/Australia_Pacific/Australia/NSW/Coal_Coast/thirroul/index.html
Coal_Coast	/spot/Australia_Pacific/Australia/NSW/Coal_Coast/tuckermans/index.html
Coal_Coast	/spot/Australia_Pacific/Australia/NSW/Coal_Coast/warrain_beach/index.html
Coal_Coast	/spot/Australia_Pacific/Australia/NSW/Coal_Coast/whale_bone/index.html
Coal_Coast	/spot/Australia_Pacific/Australia/NSW/Coal_Coast/wombarra_reef/index.html
Coal_Coast	/spot/Australia_Pacific/Australia/NSW/Coal_Coast/woonona/index.html
Central	/spot/Australia_Pacific/Australia/NSW/Central/Big_bommie/index.html
Central	/spot/Australia_Pacific/Australia/NSW/Central/Blue_Lagoon_Point/index.html
Central	/spot/Australia_Pacific/Australia/NSW/Central/Copa_Ledge/index.html
Central	/spot/Australia_Pacific/Australia/NSW/Central/JD_reef/index.html
Central	/spot/Australia_Pacific/Australia/NSW/Central/JD_s_shorey/index.html
Central	/spot/Australia_Pacific/Australia/NSW/Central/Killcare_Bombie/index.html
Central	/spot/Australia_Pacific/Australia/NSW/Central/Lakes_Reef/index.html
Central	/spot/Australia_Pacific/Australia/NSW/Central/North_Point/index.html
Central	/spot/Australia_Pacific/Australia/NSW/Central/Ocean_Beach_NSW_australia/index.html
Central	/spot/Australia_Pacific/Australia/NSW/Central/PJ/index.html
Central	/spot/Australia_Pacific/Australia/NSW/Central/Poo_Pipes/index.html
Central	/spot/Australia_Pacific/Australia/NSW/Central/Putty_beach_point/index.html
Central	/spot/Australia_Pacific/Australia/NSW/Central/Shelfs/index.html
Central	/spot/Australia_Pacific/Australia/NSW/Central/Shelly_Beach/index.html
Central	/spot/Australia_Pacific/Australia/NSW/Central/Shelly_Reef/index.html
Central	/spot/Australia_Pacific/Australia/NSW/Central/South_Pacific/index.html
Central	/spot/Australia_Pacific/Australia/NSW/Central/Tradies/index.html
Central	/spot/Australia_Pacific/Australia/NSW/Central/Triangles/index.html
Central	/spot/Australia_Pacific/Australia/NSW/Central/Umina_Beach/index.html
Central	/spot/Australia_Pacific/Australia/NSW/Central/avoca_point/index.html
Central	/spot/Australia_Pacific/Australia/NSW/Central/backdoor/index.html
Central	/spot/Australia_Pacific/Australia/NSW/Central/banzai/index.html
Central	/spot/Australia_Pacific/Australia/NSW/Central/birdie_beach/index.html
Central	/spot/Australia_Pacific/Australia/NSW/Central/blue_bay/index.html
Central	/spot/Australia_Pacific/Australia/NSW/Central/blue_bay_shorey/index.html
Central	/spot/Australia_Pacific/Australia/NSW/Central/box_head_-_umina/index.html
Central	/spot/Australia_Pacific/Australia/NSW/Central/budge_beach/index.html
Central	/spot/Australia_Pacific/Australia/NSW/Central/bugs/index.html
Central	/spot/Australia_Pacific/Australia/NSW/Central/catherine_hill_bay/index.html
Central	/spot/Australia_Pacific/Australia/NSW/Central/centres/index.html
Central	/spot/Australia_Pacific/Australia/NSW/Central/copacobana_point/index.html
Central	/spot/Australia_Pacific/Australia/NSW/Central/corner/index.html
Central	/spot/Australia_Pacific/Australia/NSW/Central/crackneck/index.html
Central	/spot/Australia_Pacific/Australia/NSW/Central/forries_shorey/index.html
Central	/spot/Australia_Pacific/Australia/NSW/Central/frazer_park/index.html
Central	/spot/Australia_Pacific/Australia/NSW/Central/iceys/index.html
Central	/spot/Australia_Pacific/Australia/NSW/Central/jewie_bay/index.html
Central	/spot/Australia_Pacific/Australia/NSW/Central/killcare/index.html
Central	/spot/Australia_Pacific/Australia/NSW/Central/lakes_beach/index.html
Central	/spot/Australia_Pacific/Australia/NSW/Central/lefts/index.html
Central	/spot/Australia_Pacific/Australia/NSW/Central/littles/index.html
Central	/spot/Australia_Pacific/Australia/NSW/Central/maitland_bay/index.html
Central	/spot/Australia_Pacific/Australia/NSW/Central/mc_masters_point_break/index.html
Central	/spot/Australia_Pacific/Australia/NSW/Central/minis/index.html
Central	/spot/Australia_Pacific/Australia/NSW/Central/muncha/index.html
Central	/spot/Australia_Pacific/Australia/NSW/Central/north_avoca/index.html
Central	/spot/Australia_Pacific/Australia/NSW/Central/north_avoca_back_reef/index.html
Central	/spot/Australia_Pacific/Australia/NSW/Central/north_ennie/index.html
Central	/spot/Australia_Pacific/Australia/NSW/Central/north_wamberal_ledge/index.html
Central	/spot/Australia_Pacific/Australia/NSW/Central/patonga_point/index.html
Central	/spot/Australia_Pacific/Australia/NSW/Central/pearl_beach_-_spot_x/index.html
Central	/spot/Australia_Pacific/Australia/NSW/Central/pearl_beach_point/index.html
Central	/spot/Australia_Pacific/Australia/NSW/Central/pellows/index.html
Central	/spot/Australia_Pacific/Australia/NSW/Central/perfects/index.html
Central	/spot/Australia_Pacific/Australia/NSW/Central/pines/index.html
Central	/spot/Australia_Pacific/Australia/NSW/Central/rights/index.html
Central	/spot/Australia_Pacific/Australia/NSW/Central/rocky/index.html
Central	/spot/Australia_Pacific/Australia/NSW/Central/shark_cove/index.html
Central	/spot/Australia_Pacific/Australia/NSW/Central/shark_tower/index.html
Central	/spot/Australia_Pacific/Australia/NSW/Central/sledges/index.html
Central	/spot/Australia_Pacific/Australia/NSW/Central/soldiers/index.html
Central	/spot/Australia_Pacific/Australia/NSW/Central/spoon_bay_shory__south_side/index.html
Central	/spot/Australia_Pacific/Australia/NSW/Central/suck_up__forresters_/index.html
Central	/spot/Australia_Pacific/Australia/NSW/Central/terrigal_haven/index.html
Central	/spot/Australia_Pacific/Australia/NSW/Central/the_bend/index.html
Central	/spot/Australia_Pacific/Australia/NSW/Central/the_entrance/index.html
Central	/spot/Australia_Pacific/Australia/NSW/Central/the_ruins/index.html
Central	/spot/Australia_Pacific/Australia/NSW/Central/the_zone/index.html
Central	/spot/Australia_Pacific/Australia/NSW/Central/tudibaring/index.html
Central	/spot/Australia_Pacific/Australia/NSW/Central/umina_point/index.html
Central	/spot/Australia_Pacific/Australia/NSW/Central/wamberal/index.html
Newcastle	/spot/Australia_Pacific/Australia/NSW/Newcastle/BJ_s/index.html
Newcastle	/spot/Australia_Pacific/Australia/NSW/Newcastle/Back_Bommie/index.html
Newcastle	/spot/Australia_Pacific/Australia/NSW/Newcastle/Bar_Reef/index.html
Newcastle	/spot/Australia_Pacific/Australia/NSW/Newcastle/Bombie/index.html
Newcastle	/spot/Australia_Pacific/Australia/NSW/Newcastle/Fingal_Spit/index.html
Newcastle	/spot/Australia_Pacific/Australia/NSW/Newcastle/Frenchmans_Beach/index.html
Newcastle	/spot/Australia_Pacific/Australia/NSW/Newcastle/Fuzzies/index.html
Newcastle	/spot/Australia_Pacific/Australia/NSW/Newcastle/Killcare_Triangle/index.html
Newcastle	/spot/Australia_Pacific/Australia/NSW/Newcastle/Kingsley_Beach/index.html
Newcastle	/spot/Australia_Pacific/Australia/NSW/Newcastle/Norah_s_point/index.html
Newcastle	/spot/Australia_Pacific/Australia/NSW/Newcastle/Samurai/index.html
Newcastle	/spot/Australia_Pacific/Australia/NSW/Newcastle/Wreck_Beach_/index.html
Newcastle	/spot/Australia_Pacific/Australia/NSW/Newcastle/anna_bay_reef/index.html
Newcastle	/spot/Australia_Pacific/Australia/NSW/Newcastle/bar_beach/index.html
Newcastle	/spot/Australia_Pacific/Australia/NSW/Newcastle/birubi/index.html
Newcastle	/spot/Australia_Pacific/Australia/NSW/Newcastle/blacksmiths_beach/index.html
Newcastle	/spot/Australia_Pacific/Australia/NSW/Newcastle/boat_reef/index.html
Newcastle	/spot/Australia_Pacific/Australia/NSW/Newcastle/box_beach/index.html
Newcastle	/spot/Australia_Pacific/Australia/NSW/Newcastle/caves/index.html
Newcastle	/spot/Australia_Pacific/Australia/NSW/Newcastle/caves_point/index.html
Newcastle	/spot/Australia_Pacific/Australia/NSW/Newcastle/cowrie_hole/index.html
Newcastle	/spot/Australia_Pacific/Australia/NSW/Newcastle/crabbes_creek/index.html
Newcastle	/spot/Australia_Pacific/Australia/NSW/Newcastle/cudgee_point/index.html
Newcastle	/spot/Australia_Pacific/Australia/NSW/Newcastle/dixon_park/index.html
Newcastle	/spot/Australia_Pacific/Australia/NSW/Newcastle/dudley_beach/index.html
Newcastle	/spot/Australia_Pacific/Australia/NSW/Newcastle/dudley_point/index.html
Newcastle	/spot/Australia_Pacific/Australia/NSW/Newcastle/flatrock/index.html
Newcastle	/spot/Australia_Pacific/Australia/NSW/Newcastle/frenchmans_reef/index.html
Newcastle	/spot/Australia_Pacific/Australia/NSW/Newcastle/groper/index.html
Newcastle	/spot/Australia_Pacific/Australia/NSW/Newcastle/happy_gilmour/index.html
Newcastle	/spot/Australia_Pacific/Australia/NSW/Newcastle/hawks_nest/index.html
Newcastle	/spot/Australia_Pacific/Australia/NSW/Newcastle/hectics/index.html
Newcastle	/spot/Australia_Pacific/Australia/NSW/Newcastle/jewels/index.html
Newcastle	/spot/Australia_Pacific/Australia/NSW/Newcastle/leggy__point/index.html
Newcastle	/spot/Australia_Pacific/Australia/NSW/Newcastle/little_gibber/index.html
Newcastle	/spot/Australia_Pacific/Australia/NSW/Newcastle/maneela/index.html
Newcastle	/spot/Australia_Pacific/Australia/NSW/Newcastle/merewether/index.html
Newcastle	/spot/Australia_Pacific/Australia/NSW/Newcastle/merewether_-_burwood/index.html
Newcastle	/spot/Australia_Pacific/Australia/NSW/Newcastle/moon_island/index.html
Newcastle	/spot/Australia_Pacific/Australia/NSW/Newcastle/moonie/index.html
Newcastle	/spot/Australia_Pacific/Australia/NSW/Newcastle/morna_point/index.html
Newcastle	/spot/Australia_Pacific/Australia/NSW/Newcastle/newcastle_-_the_wedge/index.html
Newcastle	/spot/Australia_Pacific/Australia/NSW/Newcastle/newcastle_beach/index.html
Newcastle	/spot/Australia_Pacific/Australia/NSW/Newcastle/newcastle_harbour/index.html
Newcastle	/spot/Australia_Pacific/Australia/NSW/Newcastle/nobbies_-_reef_shorey/index.html
Newcastle	/spot/Australia_Pacific/Australia/NSW/Newcastle/nobbys_beach/index.html
Newcastle	/spot/Australia_Pacific/Australia/NSW/Newcastle/nobbys_reef/index.html
Newcastle	/spot/Australia_Pacific/Australia/NSW/Newcastle/one_mile_point/index.html
Newcastle	/spot/Australia_Pacific/Australia/NSW/Newcastle/pilos/index.html
Newcastle	/spot/Australia_Pacific/Australia/NSW/Newcastle/pogos/index.html
Newcastle	/spot/Australia_Pacific/Australia/NSW/Newcastle/readhead/index.html
Newcastle	/spot/Australia_Pacific/Australia/NSW/Newcastle/spookies/index.html
Newcastle	/spot/Australia_Pacific/Australia/NSW/Newcastle/stockton_-_signa_shipwreck/index.html
Newcastle	/spot/Australia_Pacific/Australia/NSW/Newcastle/stockton_beach/index.html
Newcastle	/spot/Australia_Pacific/Australia/NSW/Newcastle/stokton_-_south_end/index.html
Newcastle	/spot/Australia_Pacific/Australia/NSW/Newcastle/storm_-_bar_pipe/index.html
Newcastle	/spot/Australia_Pacific/Australia/NSW/Newcastle/suck_rock/index.html
Newcastle	/spot/Australia_Pacific/Australia/NSW/Newcastle/supies/index.html
Newcastle	/spot/Australia_Pacific/Australia/NSW/Newcastle/susan_gilmore/index.html
Newcastle	/spot/Australia_Pacific/Australia/NSW/Newcastle/the_cliff/index.html
Newcastle	/spot/Australia_Pacific/Australia/NSW/Newcastle/the_rock_-_nobbys/index.html
Newcastle	/spot/Australia_Pacific/Australia/NSW/Newcastle/the_spot/index.html
Newcastle	/spot/Australia_Pacific/Australia/NSW/Newcastle/treachury/index.html
Newcastle	/spot/Australia_Pacific/Australia/NSW/Newcastle/winda_woppa/index.html
Newcastle	/spot/Australia_Pacific/Australia/NSW/Newcastle/zenith_beach/index.html
Mid_North_Coast	/spot/Australia_Pacific/Australia/NSW/Mid_North_Coast/2nd_corner/index.html
Mid_North_Coast	/spot/Australia_Pacific/Australia/NSW/Mid_North_Coast/Back_Jimmys/index.html
Mid_North_Coast	/spot/Australia_Pacific/Australia/NSW/Mid_North_Coast/Back_Plommer/index.html
Mid_North_Coast	/spot/Australia_Pacific/Australia/NSW/Mid_North_Coast/Bartletts_Beach/index.html
Mid_North_Coast	/spot/Australia_Pacific/Australia/NSW/Mid_North_Coast/Black_Head_point/index.html
Mid_North_Coast	/spot/Australia_Pacific/Australia/NSW/Mid_North_Coast/Blueys_beach_wedge/index.html
Mid_North_Coast	/spot/Australia_Pacific/Australia/NSW/Mid_North_Coast/Corindi_Beach/index.html
Mid_North_Coast	/spot/Australia_Pacific/Australia/NSW/Mid_North_Coast/Delicate_Nobby/index.html
Mid_North_Coast	/spot/Australia_Pacific/Australia/NSW/Mid_North_Coast/Diamond_beach/index.html
Mid_North_Coast	/spot/Australia_Pacific/Australia/NSW/Mid_North_Coast/Grassy_Head/index.html
Mid_North_Coast	/spot/Australia_Pacific/Australia/NSW/Mid_North_Coast/Lewis__or_South_Beach/index.html
Mid_North_Coast	/spot/Australia_Pacific/Australia/NSW/Mid_North_Coast/Nambucca_Heads_-_Breakwater/index.html
Mid_North_Coast	/spot/Australia_Pacific/Australia/NSW/Mid_North_Coast/Old_Bar/index.html
Mid_North_Coast	/spot/Australia_Pacific/Australia/NSW/Mid_North_Coast/Oxleys_Reef/index.html
Mid_North_Coast	/spot/Australia_Pacific/Australia/NSW/Mid_North_Coast/Palms_Wedge/index.html
Mid_North_Coast	/spot/Australia_Pacific/Australia/NSW/Mid_North_Coast/Seal_Rocks-Lighthouse_Beach/index.html
Mid_North_Coast	/spot/Australia_Pacific/Australia/NSW/Mid_North_Coast/Seal_Rocks_Stilettos_/index.html
Mid_North_Coast	/spot/Australia_Pacific/Australia/NSW/Mid_North_Coast/Seal_Rocks__Treachery/index.html
Mid_North_Coast	/spot/Australia_Pacific/Australia/NSW/Mid_North_Coast/Seals_Wedge/index.html
Mid_North_Coast	/spot/Australia_Pacific/Australia/NSW/Mid_North_Coast/Seaview_Street/index.html
Mid_North_Coast	/spot/Australia_Pacific/Australia/NSW/Mid_North_Coast/Suck_Rock/index.html
Mid_North_Coast	/spot/Australia_Pacific/Australia/NSW/Mid_North_Coast/Turners_Beach/index.html
Mid_North_Coast	/spot/Australia_Pacific/Australia/NSW/Mid_North_Coast/Wellington/index.html
Mid_North_Coast	/spot/Australia_Pacific/Australia/NSW/Mid_North_Coast/back_beach___crescent_head__/index.html
Mid_North_Coast	/spot/Australia_Pacific/Australia/NSW/Mid_North_Coast/backwash/index.html
Mid_North_Coast	/spot/Australia_Pacific/Australia/NSW/Mid_North_Coast/blueys_beach/index.html
Mid_North_Coast	/spot/Australia_Pacific/Australia/NSW/Mid_North_Coast/boomerang_beach/index.html
Mid_North_Coast	/spot/Australia_Pacific/Australia/NSW/Mid_North_Coast/booti_booti/index.html
Mid_North_Coast	/spot/Australia_Pacific/Australia/NSW/Mid_North_Coast/burgess_beach/index.html
Mid_North_Coast	/spot/Australia_Pacific/Australia/NSW/Mid_North_Coast/crescent_head/index.html
Mid_North_Coast	/spot/Australia_Pacific/Australia/NSW/Mid_North_Coast/cresent_head/index.html
Mid_North_Coast	/spot/Australia_Pacific/Australia/NSW/Mid_North_Coast/diamond_head/index.html
Mid_North_Coast	/spot/Australia_Pacific/Australia/NSW/Mid_North_Coast/elim/index.html
Mid_North_Coast	/spot/Australia_Pacific/Australia/NSW/Mid_North_Coast/elizabeth_beach/index.html
Mid_North_Coast	/spot/Australia_Pacific/Australia/NSW/Mid_North_Coast/flat_rock_reef/index.html
Mid_North_Coast	/spot/Australia_Pacific/Australia/NSW/Mid_North_Coast/flynn_s_beach/index.html
Mid_North_Coast	/spot/Australia_Pacific/Australia/NSW/Mid_North_Coast/front_beach/index.html
Mid_North_Coast	/spot/Australia_Pacific/Australia/NSW/Mid_North_Coast/haydens_reef/index.html
Mid_North_Coast	/spot/Australia_Pacific/Australia/NSW/Mid_North_Coast/horseshoe_bay/index.html
Mid_North_Coast	/spot/Australia_Pacific/Australia/NSW/Mid_North_Coast/lake_cathie/index.html
Mid_North_Coast	/spot/Australia_Pacific/Australia/NSW/Mid_North_Coast/lighthouse_beach/index.html
Mid_North_Coast	/spot/Australia_Pacific/Australia/NSW/Mid_North_Coast/middles/index.html
Mid_North_Coast	/spot/Australia_Pacific/Australia/NSW/Mid_North_Coast/nobbys_beach/index.html
Mid_North_Coast	/spot/Australia_Pacific/Australia/NSW/Mid_North_Coast/north_haven/index.html
Mid_North_Coast	/spot/Australia_Pacific/Australia/NSW/Mid_North_Coast/north_wall/index.html
Mid_North_Coast	/spot/Australia_Pacific/Australia/NSW/Mid_North_Coast/one_mile_beach/index.html
Mid_North_Coast	/spot/Australia_Pacific/Australia/NSW/Mid_North_Coast/pebbly/index.html
Mid_North_Coast	/spot/Australia_Pacific/Australia/NSW/Mid_North_Coast/point_plomer/index.html
Mid_North_Coast	/spot/Australia_Pacific/Australia/NSW/Mid_North_Coast/rainbow_beach/index.html
Mid_North_Coast	/spot/Australia_Pacific/Australia/NSW/Mid_North_Coast/saltwater_point/index.html
Mid_North_Coast	/spot/Australia_Pacific/Australia/NSW/Mid_North_Coast/scotts_head/index.html
Mid_North_Coast	/spot/Australia_Pacific/Australia/NSW/Mid_North_Coast/seals_rocks/index.html
Mid_North_Coast	/spot/Australia_Pacific/Australia/NSW/Mid_North_Coast/shark_bay/index.html
Mid_North_Coast	/spot/Australia_Pacific/Australia/NSW/Mid_North_Coast/shelly_beach/index.html
Mid_North_Coast	/spot/Australia_Pacific/Australia/NSW/Mid_North_Coast/town_beach/index.html
Mid_North_Coast	/spot/Australia_Pacific/Australia/NSW/Mid_North_Coast/trechery_beach/index.html
Mid_North_Coast	/spot/Australia_Pacific/Australia/NSW/Mid_North_Coast/tuncurry_breakwall/index.html
Mid_North_Coast	/spot/Australia_Pacific/Australia/NSW/Mid_North_Coast/tuncurry_main_beach/index.html
Mid_North_Coast	/spot/Australia_Pacific/Australia/NSW/Mid_North_Coast/valla_beach/index.html
Mid_North_Coast	/spot/Australia_Pacific/Australia/NSW/Mid_North_Coast/wallabi_point/index.html
Mid_North_Coast	/spot/Australia_Pacific/Australia/NSW/Mid_North_Coast/yagin/index.html
Banana_Coast	/spot/Australia_Pacific/Australia/NSW/Banana_Coast/2nd_island/index.html
Banana_Coast	/spot/Australia_Pacific/Australia/NSW/Banana_Coast/Cripplers_Rip/index.html
Banana_Coast	/spot/Australia_Pacific/Australia/NSW/Banana_Coast/Hills_Beach/index.html
Banana_Coast	/spot/Australia_Pacific/Australia/NSW/Banana_Coast/Moonee_Rip_Wave/index.html
Banana_Coast	/spot/Australia_Pacific/Australia/NSW/Banana_Coast/Murrays/index.html
Banana_Coast	/spot/Australia_Pacific/Australia/NSW/Banana_Coast/Park_Beach__Coffs_Harbour/index.html
Banana_Coast	/spot/Australia_Pacific/Australia/NSW/Banana_Coast/Safety_Beach/index.html
Banana_Coast	/spot/Australia_Pacific/Australia/NSW/Banana_Coast/Sluttys/index.html
Banana_Coast	/spot/Australia_Pacific/Australia/NSW/Banana_Coast/Snatch/index.html
Banana_Coast	/spot/Australia_Pacific/Australia/NSW/Banana_Coast/Wooli_Wall/index.html
Banana_Coast	/spot/Australia_Pacific/Australia/NSW/Banana_Coast/arrawarra_point/index.html
Banana_Coast	/spot/Australia_Pacific/Australia/NSW/Banana_Coast/back_sandy/index.html
Banana_Coast	/spot/Australia_Pacific/Australia/NSW/Banana_Coast/back_woolgoolga/index.html
Banana_Coast	/spot/Australia_Pacific/Australia/NSW/Banana_Coast/black_rock/index.html
Banana_Coast	/spot/Australia_Pacific/Australia/NSW/Banana_Coast/boambee_beach/index.html
Banana_Coast	/spot/Australia_Pacific/Australia/NSW/Banana_Coast/boambee_poo_pier/index.html
Banana_Coast	/spot/Australia_Pacific/Australia/NSW/Banana_Coast/boat_ramp/index.html
Banana_Coast	/spot/Australia_Pacific/Australia/NSW/Banana_Coast/brosgarths/index.html
Banana_Coast	/spot/Australia_Pacific/Australia/NSW/Banana_Coast/bundagen/index.html
Banana_Coast	/spot/Australia_Pacific/Australia/NSW/Banana_Coast/cabins/index.html
Banana_Coast	/spot/Australia_Pacific/Australia/NSW/Banana_Coast/coffs_reef/index.html
Banana_Coast	/spot/Australia_Pacific/Australia/NSW/Banana_Coast/curbes/index.html
Banana_Coast	/spot/Australia_Pacific/Australia/NSW/Banana_Coast/darlington_beach/index.html
Banana_Coast	/spot/Australia_Pacific/Australia/NSW/Banana_Coast/diggers_beach/index.html
Banana_Coast	/spot/Australia_Pacific/Australia/NSW/Banana_Coast/flat_top/index.html
Banana_Coast	/spot/Australia_Pacific/Australia/NSW/Banana_Coast/front_emerald/index.html
Banana_Coast	/spot/Australia_Pacific/Australia/NSW/Banana_Coast/gallows/index.html
Banana_Coast	/spot/Australia_Pacific/Australia/NSW/Banana_Coast/hearns/index.html
Banana_Coast	/spot/Australia_Pacific/Australia/NSW/Banana_Coast/horse_shoe/index.html
Banana_Coast	/spot/Australia_Pacific/Australia/NSW/Banana_Coast/macauleys/index.html
Banana_Coast	/spot/Australia_Pacific/Australia/NSW/Banana_Coast/minnie_waters/index.html
Banana_Coast	/spot/Australia_Pacific/Australia/NSW/Banana_Coast/moonee_front_beach/index.html
Banana_Coast	/spot/Australia_Pacific/Australia/NSW/Banana_Coast/mullawarra/index.html
Banana_Coast	/spot/Australia_Pacific/Australia/NSW/Banana_Coast/mullaway/index.html
Banana_Coast	/spot/Australia_Pacific/Australia/NSW/Banana_Coast/nobby_s_beach/index.html
Banana_Coast	/spot/Australia_Pacific/Australia/NSW/Banana_Coast/north_beach/index.html
Banana_Coast	/spot/Australia_Pacific/Australia/NSW/Banana_Coast/park_beach/index.html
Banana_Coast	/spot/Australia_Pacific/Australia/NSW/Banana_Coast/pebble_beach/index.html
Banana_Coast	/spot/Australia_Pacific/Australia/NSW/Banana_Coast/red_rock_reef/index.html
Banana_Coast	/spot/Australia_Pacific/Australia/NSW/Banana_Coast/sandmines/index.html
Banana_Coast	/spot/Australia_Pacific/Australia/NSW/Banana_Coast/sandy_back_reef/index.html
Banana_Coast	/spot/Australia_Pacific/Australia/NSW/Banana_Coast/sandy_beach/index.html
Banana_Coast	/spot/Australia_Pacific/Australia/NSW/Banana_Coast/sawtell/index.html
Banana_Coast	/spot/Australia_Pacific/Australia/NSW/Banana_Coast/scotts_head/index.html
Banana_Coast	/spot/Australia_Pacific/Australia/NSW/Banana_Coast/shellys/index.html
Banana_Coast	/spot/Australia_Pacific/Australia/NSW/Banana_Coast/the_well/index.html
Banana_Coast	/spot/Australia_Pacific/Australia/NSW/Banana_Coast/trapdoors/index.html
Banana_Coast	/spot/Australia_Pacific/Australia/NSW/Banana_Coast/turtles/index.html
Banana_Coast	/spot/Australia_Pacific/Australia/NSW/Banana_Coast/urunga/index.html
Banana_Coast	/spot/Australia_Pacific/Australia/NSW/Banana_Coast/valla_beach/index.html
Banana_Coast	/spot/Australia_Pacific/Australia/NSW/Banana_Coast/woolgoolga/index.html
